-- MySQL dump 10.13  Distrib 8.0.45, for Linux (x86_64)
--
-- Host: localhost    Database: pagination
-- ------------------------------------------------------
-- Server version	8.0.45-0ubuntu0.22.04.1

/*!40101 SET @OLD_CHARACTER_SET_CLIENT=@@CHARACTER_SET_CLIENT */;
/*!40101 SET @OLD_CHARACTER_SET_RESULTS=@@CHARACTER_SET_RESULTS */;
/*!40101 SET @OLD_COLLATION_CONNECTION=@@COLLATION_CONNECTION */;
/*!50503 SET NAMES utf8mb4 */;
/*!40103 SET @OLD_TIME_ZONE=@@TIME_ZONE */;
/*!40103 SET TIME_ZONE='+00:00' */;
/*!40014 SET @OLD_UNIQUE_CHECKS=@@UNIQUE_CHECKS, UNIQUE_CHECKS=0 */;
/*!40014 SET @OLD_FOREIGN_KEY_CHECKS=@@FOREIGN_KEY_CHECKS, FOREIGN_KEY_CHECKS=0 */;
/*!40101 SET @OLD_SQL_MODE=@@SQL_MODE, SQL_MODE='NO_AUTO_VALUE_ON_ZERO' */;
/*!40111 SET @OLD_SQL_NOTES=@@SQL_NOTES, SQL_NOTES=0 */;

--
-- Table structure for table `audit_trail`
--

DROP TABLE IF EXISTS `audit_trail`;
/*!40101 SET @saved_cs_client     = @@character_set_client */;
/*!50503 SET character_set_client = utf8mb4 */;
CREATE TABLE `audit_trail` (
  `audit_id` int NOT NULL AUTO_INCREMENT,
  `id` int DEFAULT NULL,
  `action_timestamp` timestamp NULL DEFAULT CURRENT_TIMESTAMP,
  `action` varchar(50) DEFAULT NULL,
  PRIMARY KEY (`audit_id`),
  KEY `id` (`id`),
  CONSTRAINT `audit_trail_ibfk_1` FOREIGN KEY (`id`) REFERENCES `users` (`id`) ON DELETE CASCADE
) ENGINE=InnoDB AUTO_INCREMENT=7 DEFAULT CHARSET=utf8mb4 COLLATE=utf8mb4_0900_ai_ci;
/*!40101 SET character_set_client = @saved_cs_client */;

--
-- Dumping data for table `audit_trail`
--

LOCK TABLES `audit_trail` WRITE;
/*!40000 ALTER TABLE `audit_trail` DISABLE KEYS */;
INSERT INTO `audit_trail` VALUES (1,1,'2026-03-09 06:14:12','update'),(3,102,'2026-03-09 06:15:50','inserted'),(4,102,'2026-03-09 06:16:00','update'),(5,102,'2026-03-09 06:16:08','update');
/*!40000 ALTER TABLE `audit_trail` ENABLE KEYS */;
UNLOCK TABLES;

--
-- Table structure for table `users`
--

DROP TABLE IF EXISTS `users`;
/*!40101 SET @saved_cs_client     = @@character_set_client */;
/*!50503 SET character_set_client = utf8mb4 */;
CREATE TABLE `users` (
  `id` int NOT NULL AUTO_INCREMENT,
  `name` varchar(50) CHARACTER SET utf8mb4 COLLATE utf8mb4_0900_ai_ci NOT NULL,
  `lastname` varchar(50) NOT NULL DEFAULT '',
  `email` varchar(50) NOT NULL,
  `phone` varchar(12) CHARACTER SET utf8mb4 COLLATE utf8mb4_0900_ai_ci NOT NULL,
  `status` varchar(10) NOT NULL,
  `gender` varchar(10) NOT NULL,
  `register_at` varchar(50) NOT NULL,
  PRIMARY KEY (`id`),
  UNIQUE KEY `email` (`email`)
) ENGINE=InnoDB AUTO_INCREMENT=103 DEFAULT CHARSET=utf8mb4 COLLATE=utf8mb4_0900_ai_ci;
/*!40101 SET character_set_client = @saved_cs_client */;

--
-- Dumping data for table `users`
--

LOCK TABLES `users` WRITE;
/*!40000 ALTER TABLE `users` DISABLE KEYS */;
INSERT INTO `users` VALUES (1,'vipuls','sodhaparmar','vipul11@gmail.com','1236985470','married','male','23-02-2026 09:10:50 AM'),(2,'ridham ,','jaat','rj@gmail.com','1234321122','married','male','23-02-2026 09:11:12 AM'),(3,'jhon','Doe','jhon@gmail.com','2143658709','married','male','23-02-2026 09:11:34 AM'),(4,'marshal ','moris','mm@gmail.com','9874563210','married','male','23-02-2026 09:11:52 AM'),(5,'rushi','maradiya','rm@gmail.com','9638527410','married','male','23-02-2026 09:12:11 AM'),(6,'peter','Duck','peter@gmail.com','8745213690','married','male','23-02-2026 09:14:13 AM'),(7,'amin','amin','ao@gmail.com','9087654312','married','male','23-02-2026 09:27:06 AM'),(8,'marshal ','moris','mm123@gmail.com','9078654321','married','male','23-02-2026 09:32:49 AM'),(9,'mike','wheeler','mk@gmail.com','7584930202','unmarried','male','23-02-2026 09:35:58 AM'),(10,'mihir','sharma','ms@gmail.com','9087654321','married','male','23-02-2026 09:54:56 AM'),(11,'ramesh','mehta','rameshm@gmail.com','5432167890','married','other','23-02-2026 09:56:58 AM'),(12,'samar','rathod','samar@gmail.com','9632587410','married','male','23-02-2026 10:01:57 AM'),(13,'sudeep','shah','sudeeps@gmail.com','9874563210','unmarried','male','23-02-2026 10:03:00 AM'),(15,'vipul','sodhaparmar','vipul1@gmail.com','9874563210','unmarried','male','23-02-2026 10:10:00 AM'),(16,'marshal mike','moris','mm11@gmail.com','9632587413','married','male','23-02-2026 11:31:49 AM'),(17,'sam','snow','samsnow@gmail.com','4563728192','unmarried','male','23-02-2026 11:44:22 AM'),(18,'arya','stark','aryas@gmail.com','0987654321','married','female','23-02-2026 11:45:51 AM'),(34,'zack','jhonsan','jackz@gmail.com','1236547890','married','male','24-02-2026 03:05:30 PM'),(35,'vipul','sodhaparmar','vipulsodhaparmar26@gmail.com','5478963210','unmarried','male','24-02-2026 03:26:11 PM'),(36,'Martha','mark','martha@gmail.com','9807654321','married','female','15:35:29 03:26:11 PM'),(37,'vipul','sodhaparmar','vipul@gmail.com','1234567890','unmarried','male','24-02-2026 06:47:29 PM'),(38,'vipul','sodhaparmar','vipul26@gmail.com','5478963210','unmarried','male','24-02-2026 06:51:40 PM'),(50,'test','case','testcase@gmail.com','9874563210','married','male',''),(101,'new ','test case','newtestcase','654123079','unmarried','female',''),(102,'new','user','newuser123@gmail.com','6547893215','married','male','');
/*!40000 ALTER TABLE `users` ENABLE KEYS */;
UNLOCK TABLES;
/*!50003 SET @saved_cs_client      = @@character_set_client */ ;
/*!50003 SET @saved_cs_results     = @@character_set_results */ ;
/*!50003 SET @saved_col_connection = @@collation_connection */ ;
/*!50003 SET character_set_client  = utf8mb4 */ ;
/*!50003 SET character_set_results = utf8mb4 */ ;
/*!50003 SET collation_connection  = utf8mb4_unicode_ci */ ;
/*!50003 SET @saved_sql_mode       = @@sql_mode */ ;
/*!50003 SET sql_mode              = 'ONLY_FULL_GROUP_BY,STRICT_TRANS_TABLES,NO_ZERO_IN_DATE,NO_ZERO_DATE,ERROR_FOR_DIVISION_BY_ZERO,NO_ENGINE_SUBSTITUTION' */ ;
DELIMITER ;;
/*!50003 CREATE*/ /*!50017 DEFINER=`root`@`localhost`*/ /*!50003 TRIGGER `after_user_add` AFTER INSERT ON `users` FOR EACH ROW BEGIN 
	INSERT INTO audit_trail (id,action)
    VALUES(NEW.id,'inserted');
END */;;
DELIMITER ;
/*!50003 SET sql_mode              = @saved_sql_mode */ ;
/*!50003 SET character_set_client  = @saved_cs_client */ ;
/*!50003 SET character_set_results = @saved_cs_results */ ;
/*!50003 SET collation_connection  = @saved_col_connection */ ;
/*!50003 SET @saved_cs_client      = @@character_set_client */ ;
/*!50003 SET @saved_cs_results     = @@character_set_results */ ;
/*!50003 SET @saved_col_connection = @@collation_connection */ ;
/*!50003 SET character_set_client  = utf8mb4 */ ;
/*!50003 SET character_set_results = utf8mb4 */ ;
/*!50003 SET collation_connection  = utf8mb4_unicode_ci */ ;
/*!50003 SET @saved_sql_mode       = @@sql_mode */ ;
/*!50003 SET sql_mode              = 'ONLY_FULL_GROUP_BY,STRICT_TRANS_TABLES,NO_ZERO_IN_DATE,NO_ZERO_DATE,ERROR_FOR_DIVISION_BY_ZERO,NO_ENGINE_SUBSTITUTION' */ ;
DELIMITER ;;
/*!50003 CREATE*/ /*!50017 DEFINER=`root`@`localhost`*/ /*!50003 TRIGGER `after_user_update` AFTER UPDATE ON `users` FOR EACH ROW BEGIN 
	INSERT INTO audit_trail (id,action)
    VALUES(NEW.id,'update');
END */;;
DELIMITER ;
/*!50003 SET sql_mode              = @saved_sql_mode */ ;
/*!50003 SET character_set_client  = @saved_cs_client */ ;
/*!50003 SET character_set_results = @saved_cs_results */ ;
/*!50003 SET collation_connection  = @saved_col_connection */ ;
/*!50003 SET @saved_cs_client      = @@character_set_client */ ;
/*!50003 SET @saved_cs_results     = @@character_set_results */ ;
/*!50003 SET @saved_col_connection = @@collation_connection */ ;
/*!50003 SET character_set_client  = utf8mb4 */ ;
/*!50003 SET character_set_results = utf8mb4 */ ;
/*!50003 SET collation_connection  = utf8mb4_unicode_ci */ ;
/*!50003 SET @saved_sql_mode       = @@sql_mode */ ;
/*!50003 SET sql_mode              = 'ONLY_FULL_GROUP_BY,STRICT_TRANS_TABLES,NO_ZERO_IN_DATE,NO_ZERO_DATE,ERROR_FOR_DIVISION_BY_ZERO,NO_ENGINE_SUBSTITUTION' */ ;
DELIMITER ;;
/*!50003 CREATE*/ /*!50017 DEFINER=`root`@`localhost`*/ /*!50003 TRIGGER `after_user_delete` AFTER DELETE ON `users` FOR EACH ROW BEGIN 
	INSERT INTO audit_trail (id,action)
    VALUES(OLD.id,'delete');
END */;;
DELIMITER ;
/*!50003 SET sql_mode              = @saved_sql_mode */ ;
/*!50003 SET character_set_client  = @saved_cs_client */ ;
/*!50003 SET character_set_results = @saved_cs_results */ ;
/*!50003 SET collation_connection  = @saved_col_connection */ ;
/*!40103 SET TIME_ZONE=@OLD_TIME_ZONE */;

/*!40101 SET SQL_MODE=@OLD_SQL_MODE */;
/*!40014 SET FOREIGN_KEY_CHECKS=@OLD_FOREIGN_KEY_CHECKS */;
/*!40014 SET UNIQUE_CHECKS=@OLD_UNIQUE_CHECKS */;
/*!40101 SET CHARACTER_SET_CLIENT=@OLD_CHARACTER_SET_CLIENT */;
/*!40101 SET CHARACTER_SET_RESULTS=@OLD_CHARACTER_SET_RESULTS */;
/*!40101 SET COLLATION_CONNECTION=@OLD_COLLATION_CONNECTION */;
/*!40111 SET SQL_NOTES=@OLD_SQL_NOTES */;

-- Dump completed on 2026-03-09 12:16:06
